{
   "Structural_Module_Filename2Description": {
      "010_LinearReg_T1w2MNI.status": "T1w-image rigid-body registration to MNI population center",
      "060_Segment_T1w.status": "CAT12/SPM12 T1w-image segmentation",
      "080_Resample2StandardSpace.status": "T1w-image reslicing into MNI/common space",
      "090_GetVolumetrics.status": "GM, WM, & CSF volume calculation",
      "100_VisualQC_Structural.status": "image quality-control",
      "999_ready.status": "all submodules"
   },
   "ASL_Module_Filename2Description": {
      "020_RealignASL.status": "motion correction and spike removal",
      "030_RegisterASL.status": "ASL series rigid-body registration to the T1w image",
      "040_ResampleASL.status": "ASL series reslicing to MNI space and mean control image creation",
      "050_PreparePV.status": "preparation of partial volume maps",
      "060_ProcessM0.status": "M0 image processing",
      "070_Quantification.status": "CBF quantification",
      "080_CreateAnalysisMask.status": "CBF threshold mask creation",
      "090_VisualQC_ASL.status": "image quality-control",
      "999_ready.status": "all submodules"
   },
   "Population_Module_Filename2Description": {
      "010_CreatePopulationTemplates.status": "creating population templates",
      "020_CreateAnalysisMask.status": "creating an analysis mask",
      "030_CreateBiasfield.status": "creating a biasfield",
      "040_GetDICOMStatistics.status": "retrieving DICOM statistics",
      "050_GetVolumeStatistics.status": "determining volume statistics",
      "060_GetMotionStatistics.status": "determining motion statistics",
      "070_GetROIstatistics.status": "determining Region-of-Interest statistics",
      "080_SortBySpatialCoV.status": "sorting scans on spatial covariance",
      "090_DeleteAndZip.status": "deleting and compressing files",
      "999_ready.status": "ending the module"
   },
   "ExploreASL_Filename2Workload": {
      "010_LinearReg_T1w2MNI.status": 1,
      "020_LinearReg_FLAIR2T1w.status": 2,
      "030_Resample_FLAIR2T1w.status": 1,
      "040_Segment_FLAIR.status": 3,
      "050_LesionFilling.status": 1,
      "060_Segment_T1w.status": 10,
      "070_GetWMHvol.status": 1,
      "080_Resample2StandardSpace.status": 2,
      "090_GetVolumetrics.status": 1,
      "100_VisualQC_Structural.status": 1,
      "020_RealignASL.status": 1,
      "030_RegisterASL.status": 2,
      "040_ResampleASL.status": 1,
      "050_PreparePV.status": 1,
      "060_ProcessM0.status": 1,
      "070_Quantification.status": 2,
      "080_CreateAnalysisMask.status": 1,
      "090_VisualQC_ASL.status": 1,
      "010_CreatePopulationTemplates.status": 1,
      "020_CreateAnalysisMask.status": 1,
      "030_CreateBiasfield.status": 1,
      "040_GetDICOMStatistics.status": 1,
      "050_GetVolumeStatistics.status": 1,
      "060_GetMotionStatistics.status": 1,
      "070_GetROIstatistics.status": 20,
      "080_SortBySpatialCoV.status": 1,
      "090_DeleteAndZip.status": 1,
      "999_ready.status": 0
   }
}